-- phpMyAdmin SQL Dump
-- version 3.3.9
-- http://www.phpmyadmin.net
--
-- Host: localhost
-- Generation Time: May 30, 2017 at 10:36 AM
-- Server version: 5.5.8
-- PHP Version: 5.3.5

SET SQL_MODE="NO_AUTO_VALUE_ON_ZERO";


/*!40101 SET @OLD_CHARACTER_SET_CLIENT=@@CHARACTER_SET_CLIENT */;
/*!40101 SET @OLD_CHARACTER_SET_RESULTS=@@CHARACTER_SET_RESULTS */;
/*!40101 SET @OLD_COLLATION_CONNECTION=@@COLLATION_CONNECTION */;
/*!40101 SET NAMES utf8 */;

--
-- Database: `valet`
--

-- --------------------------------------------------------

--
-- Table structure for table `admin`
--

CREATE TABLE IF NOT EXISTS `admin` (
  `id` int(11) NOT NULL AUTO_INCREMENT,
  `email` varchar(255) NOT NULL,
  `name` varchar(255) NOT NULL,
  `image` varchar(255) NOT NULL,
  `username` varchar(255) NOT NULL,
  `password` varchar(255) NOT NULL,
  `last_login` int(11) NOT NULL,
  `created` int(11) NOT NULL,
  PRIMARY KEY (`id`)
) ENGINE=InnoDB  DEFAULT CHARSET=latin1 AUTO_INCREMENT=12 ;

--
-- Dumping data for table `admin`
--

INSERT INTO `admin` (`id`, `email`, `name`, `image`, `username`, `password`, `last_login`, `created`) VALUES
(10, 'admin@gmail.com', 'admin', '', 'admin', '13b4405d3b054032be48b40dbf315059', 0, 1480650420),
(11, 'dhakalneil@gmail.com', 'Neil', 'IMG_7338.JPG', 'neil', 'a68287fce2224e1c36c44b135fab7a2d', 0, 1395643429);

-- --------------------------------------------------------

--
-- Table structure for table `tbl_cars`
--

CREATE TABLE IF NOT EXISTS `tbl_cars` (
  `id` int(11) NOT NULL AUTO_INCREMENT,
  `made` varchar(255) NOT NULL,
  `model` varchar(255) NOT NULL,
  `color` varchar(255) NOT NULL,
  `plate_number` varchar(255) NOT NULL,
  `unite_no` varchar(255) NOT NULL,
  `parking_spot` varchar(255) NOT NULL,
  `note` text NOT NULL,
  `ticket_no` varchar(255) NOT NULL,
  `visitor` int(11) NOT NULL DEFAULT '0' COMMENT '1=visitor; 0=non-visitor',
  `created_date` varchar(255) NOT NULL,
  PRIMARY KEY (`id`)
) ENGINE=MyISAM  DEFAULT CHARSET=latin1 AUTO_INCREMENT=10 ;

--
-- Dumping data for table `tbl_cars`
--

INSERT INTO `tbl_cars` (`id`, `made`, `model`, `color`, `plate_number`, `unite_no`, `parking_spot`, `note`, `ticket_no`, `visitor`, `created_date`) VALUES
(1, 'aaa', 'bbb', 'ccc', '3456', '123', '6543', 'flat tire', '', 0, '1479451221'),
(2, 'eieo', 'ieoweoew', 'ndkf', '879', '123', '098', '', '', 0, '1479451240'),
(3, 'qqqq', 'wwww', 'aaa', '8768', '1234', '879', '', '', 0, '1479456852'),
(4, 'cvv', 'fgg', 'ggg', 'ggg', '123', 'gfg', '', '', 0, '1479492976'),
(5, 'Ford', 'Fiesta', 'Red', 'NP-0177', '1234', '09329-C', '', '0093', 1, '1479538837'),
(6, 'dsfdsf', 'dsf', 'sdfds', 'dsf', '123', 'dsf', 'asadas', '22222333', 1, '1479540327'),
(7, 'ssssss', 'dddddddddd', 'ffffffffff', 'ggggggggggg', '1234', 'hhhhhhhhhh', 'kkkkkkk', '', 0, '1479540705');

-- --------------------------------------------------------

--
-- Table structure for table `tbl_device_token`
--

CREATE TABLE IF NOT EXISTS `tbl_device_token` (
  `id` int(11) NOT NULL AUTO_INCREMENT,
  `token` longtext NOT NULL,
  `platform` int(11) NOT NULL,
  `user_id` int(11) NOT NULL,
  PRIMARY KEY (`id`)
) ENGINE=MyISAM  DEFAULT CHARSET=latin1 AUTO_INCREMENT=3 ;

--
-- Dumping data for table `tbl_device_token`
--

INSERT INTO `tbl_device_token` (`id`, `token`, `platform`, `user_id`) VALUES
(2, 'undefined', 1, 1234);

-- --------------------------------------------------------

--
-- Table structure for table `tbl_message`
--

CREATE TABLE IF NOT EXISTS `tbl_message` (
  `id` int(11) NOT NULL AUTO_INCREMENT,
  `unite_no` varchar(255) NOT NULL,
  `title` varchar(255) NOT NULL,
  `message` text NOT NULL,
  `date` varchar(255) NOT NULL,
  `status` int(11) NOT NULL DEFAULT '0',
  PRIMARY KEY (`id`)
) ENGINE=InnoDB DEFAULT CHARSET=latin1 AUTO_INCREMENT=1 ;

--
-- Dumping data for table `tbl_message`
--


-- --------------------------------------------------------

--
-- Table structure for table `tbl_notifications`
--

CREATE TABLE IF NOT EXISTS `tbl_notifications` (
  `id` int(11) NOT NULL AUTO_INCREMENT,
  `unite_no` varchar(255) NOT NULL,
  `car_id` int(11) NOT NULL,
  `title` varchar(255) NOT NULL,
  `message` varchar(255) NOT NULL,
  `status` int(11) NOT NULL,
  `flag` int(11) NOT NULL,
  `seen` int(11) NOT NULL DEFAULT '0',
  `msg` int(11) NOT NULL,
  `date` varchar(255) NOT NULL,
  PRIMARY KEY (`id`)
) ENGINE=InnoDB  DEFAULT CHARSET=latin1 AUTO_INCREMENT=15 ;

--
-- Dumping data for table `tbl_notifications`
--

INSERT INTO `tbl_notifications` (`id`, `unite_no`, `car_id`, `title`, `message`, `status`, `flag`, `seen`, `msg`, `date`) VALUES
(1, '1234', 3, 'Requested for car ready', 'Your car has been requested for ready', 0, 1, 1, 0, '1490868488'),
(2, '1234', 3, 'Car is ready', 'The car you requested is ready!', 1, 1, 1, 0, '1490868494'),
(3, '1234', 7, 'Requested for car ready', 'Your car has been requested for ready', 0, 1, 1, 0, '1490868527'),
(4, '1234', 7, 'Car is ready', 'The car you requested is ready!', 1, 1, 1, 0, '1490868536'),
(5, '1234', 3, 'Requested for car ready', 'Your car has been requested for ready', 0, 1, 1, 0, '1490868626'),
(6, '1234', 3, 'Car is ready', 'The car you requested is ready!', 1, 1, 1, 0, '1490868637'),
(7, '1234', 7, 'Requested for car ready', 'Your car has been requested for ready', 0, 1, 1, 0, '1490868718'),
(8, '1234', 7, 'Car is ready', 'The car you requested is ready!', 1, 1, 1, 0, '1490868725'),
(9, '1234', 3, 'Requested for car ready', 'Your car has been requested for ready', 0, 1, 1, 0, '1490868745'),
(10, '1234', 3, 'Car is ready', 'The car you requested is ready!', 1, 1, 1, 0, '1490868752'),
(11, '1234', 3, 'Requested for car ready', 'Your car has been requested for ready', 0, 1, 1, 0, '1490947592'),
(12, '1234', 3, 'Car is ready', 'The car you requested is ready!', 1, 1, 1, 0, '1490947602'),
(13, '1234', 3, 'Requested for car ready', 'Your car has been requested for ready', 0, 1, 1, 0, '1490953128'),
(14, '1234', 3, 'Car is ready', 'The car you requested is ready!', 1, 1, 1, 0, '1490953153');

-- --------------------------------------------------------

--
-- Table structure for table `tbl_parking`
--

CREATE TABLE IF NOT EXISTS `tbl_parking` (
  `id` int(11) NOT NULL AUTO_INCREMENT,
  `car_id` varchar(255) NOT NULL,
  `ticket_no` varchar(255) NOT NULL,
  `parking_spot` varchar(255) NOT NULL,
  PRIMARY KEY (`id`)
) ENGINE=MyISAM DEFAULT CHARSET=latin1 AUTO_INCREMENT=1 ;

--
-- Dumping data for table `tbl_parking`
--


-- --------------------------------------------------------

--
-- Table structure for table `tbl_requests`
--

CREATE TABLE IF NOT EXISTS `tbl_requests` (
  `id` int(11) NOT NULL AUTO_INCREMENT,
  `car_id` varchar(255) NOT NULL,
  `request_date` varchar(255) NOT NULL,
  `request_time` varchar(255) NOT NULL,
  `request_timestamp` varchar(255) NOT NULL,
  `status` int(11) NOT NULL DEFAULT '0' COMMENT '1=requested;2=accept; 3=cancle; 4=in;',
  `updated_date_time` varchar(255) NOT NULL,
  PRIMARY KEY (`id`)
) ENGINE=MyISAM  DEFAULT CHARSET=latin1 AUTO_INCREMENT=109 ;

--
-- Dumping data for table `tbl_requests`
--

INSERT INTO `tbl_requests` (`id`, `car_id`, `request_date`, `request_time`, `request_timestamp`, `status`, `updated_date_time`) VALUES
(1, '1', '1483340991', '1483340991', '1483340991', 4, '1483341033'),
(2, '2', '1483340992', '1483340992', '1483340992', 4, '1483341007'),
(3, '6', '1483341078', '1483341078', '1483341078', 2, '1483346257'),
(4, '2', '1483341405', '1483341405', '1483341405', 3, '1483345805'),
(5, '1', '1483345777', '1483345777', '1483345777', 3, '1483345804'),
(6, '2', '1483346166', '1483346166', '1483346166', 3, '1483346246'),
(7, '4', '1483346225', '1483346225', '1483346225', 3, '1483346245'),
(8, '2', '1483346262', '1483346262', '1483346262', 4, '1488649563'),
(9, '1', '1483346383', '1483346383', '1483346383', 3, '1483347156'),
(10, '4', '1483346452', '1483346452', '1483346452', 3, '1483347155'),
(11, '1', '1483347163', '1483347163', '1483347163', 3, '1483347216'),
(12, '1', '1483347224', '1483347224', '1483347224', 3, '1483347278'),
(13, '1', '1483348459', '1483348459', '1483348459', 3, '1483349101'),
(14, '4', '1483348729', '1483348729', '1483348729', 3, '1483349102'),
(15, '4', '1483349371', '1483349371', '1483349371', 3, '1483350007'),
(16, '1', '1483349709', '1483349709', '1483349709', 3, '1483349728'),
(17, '4', '1483350130', '1483350130', '1483350130', 3, '1483350215'),
(18, '4', '1483350244', '1483350244', '1483350244', 3, '1483350301'),
(19, '4', '1483350353', '1483350353', '1483350353', 3, '1483350503'),
(20, '4', '1483350530', '1483350530', '1483350530', 3, '1483351429'),
(21, '4', '1483351495', '1483351495', '1483351495', 3, '1483351709'),
(22, '1', '1483351569', '1483351569', '1483351569', 3, '1483351654'),
(23, '4', '1483351754', '1483351754', '1483351754', 3, '1483351831'),
(24, '1', '1483351792', '1483351792', '1483351792', 3, '1483351829'),
(25, '1', '1483351839', '1483351839', '1483351839', 3, '1483351953'),
(26, '4', '1483351894', '1483351894', '1483351894', 3, '1483351958'),
(27, '4', '1483351963', '1483351963', '1483351963', 3, '1483352049'),
(28, '1', '1483352025', '1483352025', '1483352025', 3, '1483352047'),
(29, '1', '1483352055', '1483352055', '1483352055', 4, '1488649557'),
(30, '4', '1483352325', '1483352325', '1483352325', 4, '1488649560'),
(31, '4', '1483352520', '1483352520', '1483352520', 3, '1483352585'),
(32, '4', '1483353272', '1483353272', '1483353272', 3, '1483353572'),
(33, '4', '1483353603', '1483353603', '1483353603', 3, '1483353636'),
(34, '1', '1483360116', '1483360116', '1483360116', 3, '1483360600'),
(35, '4', '1483360506', '1483360506', '1483360506', 3, '1483360553'),
(36, '4', '1483360607', '1483360607', '1483360607', 3, '1483360783'),
(37, '1', '1483360612', '1483360612', '1483360612', 3, '1483360802'),
(38, '4', '1483360809', '1483360809', '1483360809', 3, '1483361062'),
(39, '1', '1483360988', '1483360988', '1483360988', 3, '1483361338'),
(40, '4', '1483361314', '1483361314', '1483361314', 3, '1483361351'),
(41, '4', '1483361672', '1483361672', '1483361672', 3, '1483361791'),
(42, '1', '1483361706', '1483361706', '1483361706', 3, '1483361737'),
(43, '4', '1483361803', '1483361803', '1483361803', 3, '1483361853'),
(44, '4', '1483361861', '1483361861', '1483361861', 3, '1483361891'),
(45, '1', '1483361871', '1483361871', '1483361871', 3, '1483361894'),
(46, '4', '1483361900', '1483361900', '1483361900', 3, '1483361988'),
(47, '1', '1483361962', '1483361962', '1483361962', 3, '1483362469'),
(48, '4', '1483362002', '1483362002', '1483362002', 3, '1483362457'),
(49, '1', '1483372424', '1483372424', '1483372424', 3, '1483372528'),
(50, '4', '1483372444', '1483372444', '1483372444', 3, '1483372523'),
(51, '4', '1483372578', '1483372578', '1483372578', 3, '1483372689'),
(52, '1', '1483372584', '1483372584', '1483372584', 3, '1483372686'),
(53, '4', '1483372694', '1483372694', '1483372694', 3, '1483372709'),
(54, '1', '1483372712', '1483372712', '1483372712', 3, '1483372732'),
(55, '4', '1483372737', '1483372737', '1483372737', 3, '1483372832'),
(56, '1', '1483372790', '1483372790', '1483372790', 3, '1483372829'),
(57, '1', '1483372837', '1483372837', '1483372837', 3, '1483373421'),
(58, '4', '1483373427', '1483373427', '1483373427', 3, '1483373514'),
(59, '1', '1483373484', '1483373484', '1483373484', 3, '1483373512'),
(60, '4', '1483373517', '1483373517', '1483373517', 3, '1483373554'),
(61, '1', '1483373557', '1483373557', '1483373557', 3, '1483373648'),
(62, '4', '1483373631', '1483373631', '1483373631', 3, '1483373645'),
(63, '4', '1483373652', '1483373652', '1483373652', 3, '1483373704'),
(64, '1', '1483373658', '1483373658', '1483373658', 3, '1483373707'),
(65, '4', '1483373711', '1483373711', '1483373711', 3, '1483373744'),
(66, '1', '1483373727', '1483373727', '1483373727', 3, '1483373742'),
(67, '1', '1483373747', '1483373747', '1483373747', 3, '1483373785'),
(68, '4', '1483373754', '1483373754', '1483373754', 3, '1483384562'),
(69, '1', '1483373787', '1483373787', '1483373787', 3, '1483373804'),
(70, '1', '1483373807', '1483373807', '1483373807', 3, '1483384571'),
(71, '4', '1483384583', '1483384583', '1483384583', 3, '1483384680'),
(72, '1', '1483384670', '1483384670', '1483384670', 3, '1483384826'),
(73, '4', '1483384684', '1483384684', '1483384684', 3, '1483384809'),
(74, '4', '1483384818', '1483384818', '1483384818', 3, '1483384842'),
(75, '1', '1483384831', '1483384831', '1483384831', 3, '1483816801'),
(76, '4', '1483384850', '1483384850', '1483384850', 4, '1488649554'),
(77, '1', '1488649576', '1488649576', '1488649576', 4, '1488649651'),
(78, '2', '1488649672', '1488649672', '1488649672', 4, '1488649678'),
(79, '4', '1488649743', '1488649743', '1488649743', 4, '1488649750'),
(80, '1', '1488650430', '1488650430', '1488650430', 3, '1488650472'),
(81, '1', '1488650733', '1488650733', '1488650733', 4, '1488650912'),
(82, '2', '1488650784', '1488650784', '1488650784', 2, '1488650806'),
(83, '3', '1490862777', '1490862777', '1490862777', 4, '1490862805'),
(84, '7', '1490862846', '1490862846', '1490862846', 4, '1490862856'),
(85, '3', '1490863217', '1490863217', '1490863217', 4, '1490863241'),
(86, '7', '1490863368', '1490863368', '1490863368', 4, '1490863376'),
(87, '3', '1490863640', '1490863640', '1490863640', 4, '1490863662'),
(88, '7', '1490863769', '1490863769', '1490863769', 4, '1490863775'),
(89, '7', '1490863854', '1490863854', '1490863854', 4, '1490863860'),
(90, '3', '1490863987', '1490863987', '1490863987', 4, '1490863994'),
(91, '3', '1490865239', '1490865239', '1490865239', 4, '1490865259'),
(92, '3', '1490865312', '1490865312', '1490865312', 4, '1490865321'),
(93, '3', '1490865667', '1490865667', '1490865667', 4, '1490865674'),
(94, '3', '1490866242', '1490866242', '1490866242', 4, '1490866249'),
(95, '3', '1490866357', '1490866357', '1490866357', 4, '1490866371'),
(96, '3', '1490866451', '1490866451', '1490866451', 4, '1490866457'),
(97, '3', '1490866653', '1490866653', '1490866653', 4, '1490866659'),
(98, '3', '1490866724', '1490866724', '1490866724', 4, '1490866730'),
(99, '3', '1490867588', '1490867588', '1490867588', 4, '1490867597'),
(100, '3', '1490868126', '1490868126', '1490868126', 4, '1490868135'),
(101, '7', '1490868152', '1490868152', '1490868152', 4, '1490868160'),
(102, '3', '1490868488', '1490868488', '1490868488', 4, '1490868494'),
(103, '7', '1490868527', '1490868527', '1490868527', 4, '1490868536'),
(104, '3', '1490868626', '1490868626', '1490868626', 4, '1490868637'),
(105, '7', '1490868718', '1490868718', '1490868718', 4, '1490868725'),
(106, '3', '1490868745', '1490868745', '1490868745', 4, '1490868752'),
(107, '3', '1490947592', '1490947592', '1490947592', 4, '1490947602'),
(108, '3', '1490953128', '1490953128', '1490953128', 4, '1490953152');

-- --------------------------------------------------------

--
-- Table structure for table `tbl_request_report`
--

CREATE TABLE IF NOT EXISTS `tbl_request_report` (
  `id` int(11) NOT NULL AUTO_INCREMENT,
  `car_id` int(11) NOT NULL,
  `request_id` int(11) NOT NULL,
  `requested_date` varchar(255) NOT NULL,
  `requested_timestamp` varchar(255) NOT NULL,
  `status` int(11) NOT NULL,
  PRIMARY KEY (`id`)
) ENGINE=InnoDB  DEFAULT CHARSET=latin1 AUTO_INCREMENT=225 ;

--
-- Dumping data for table `tbl_request_report`
--

INSERT INTO `tbl_request_report` (`id`, `car_id`, `request_id`, `requested_date`, `requested_timestamp`, `status`) VALUES
(1, 1, 1, '01-02-2017', '1483340991', 0),
(2, 2, 2, '01-02-2017', '1483340992', 0),
(3, 2, 2, '01-02-2017', '1483340999', 2),
(4, 1, 1, '01-02-2017', '1483341003', 2),
(5, 2, 2, '01-02-2017', '1483341007', 4),
(6, 1, 1, '01-02-2017', '1483341033', 4),
(7, 6, 3, '01-02-2017', '1483341078', 0),
(8, 2, 4, '01-02-2017', '1483341405', 0),
(9, 1, 5, '01-02-2017', '1483345777', 0),
(10, 1, 1, '1483345804', '', 4),
(11, 2, 2, '1483345805', '', 4),
(12, 2, 6, '01-02-2017', '1483346166', 0),
(13, 4, 7, '01-02-2017', '1483346225', 0),
(14, 4, 7, '1483346245', '', 3),
(15, 2, 2, '1483346246', '', 4),
(16, 6, 3, '01-02-2017', '1483346257', 2),
(17, 2, 8, '01-02-2017', '1483346262', 0),
(18, 2, 8, '01-02-2017', '1483346377', 2),
(19, 1, 9, '01-02-2017', '1483346383', 0),
(20, 4, 10, '01-02-2017', '1483346452', 0),
(21, 4, 7, '1483347155', '', 3),
(22, 1, 1, '1483347156', '', 4),
(23, 1, 11, '01-02-2017', '1483347163', 0),
(24, 1, 1, '1483347216', '', 4),
(25, 1, 12, '01-02-2017', '1483347224', 0),
(26, 1, 12, '01-02-2017', '1483347278', 3),
(27, 1, 13, '01-02-2017', '1483348459', 0),
(28, 4, 14, '01-02-2017', '1483348729', 0),
(29, 1, 1, '1483349101', '', 4),
(30, 4, 7, '1483349102', '', 3),
(31, 4, 15, '01-02-2017', '1483349371', 0),
(32, 1, 16, '01-02-2017', '1483349709', 0),
(33, 1, 1, '1483349728', '', 4),
(34, 4, 7, '1483350007', '', 3),
(35, 4, 17, '01-02-2017', '1483350130', 0),
(36, 4, 7, '1483350215', '', 3),
(37, 4, 18, '01-02-2017', '1483350244', 0),
(38, 4, 7, '1483350301', '', 3),
(39, 4, 19, '01-02-2017', '1483350353', 0),
(40, 4, 7, '1483350503', '', 3),
(41, 4, 20, '01-02-2017', '1483350530', 0),
(42, 4, 7, '1483351429', '', 3),
(43, 4, 21, '01-02-2017', '1483351495', 0),
(44, 1, 22, '01-02-2017', '1483351569', 0),
(45, 1, 1, '1483351654', '', 4),
(46, 4, 7, '1483351709', '', 3),
(47, 4, 23, '01-02-2017', '1483351754', 0),
(48, 1, 24, '01-02-2017', '1483351792', 0),
(49, 1, 24, '01-02-2017', '1483351829', 3),
(50, 4, 23, '01-02-2017', '1483351831', 3),
(51, 1, 25, '01-02-2017', '1483351839', 0),
(52, 4, 26, '01-02-2017', '1483351894', 0),
(53, 1, 25, '01-02-2017', '1483351953', 3),
(54, 4, 26, '01-02-2017', '1483351958', 3),
(55, 4, 27, '01-02-2017', '1483351963', 0),
(56, 1, 28, '01-02-2017', '1483352025', 0),
(57, 1, 28, '01-02-2017', '1483352047', 3),
(58, 4, 27, '01-02-2017', '1483352049', 3),
(59, 1, 29, '01-02-2017', '1483352055', 0),
(60, 4, 30, '01-02-2017', '1483352325', 0),
(61, 4, 7, '1483352499', '', 3),
(62, 4, 31, '01-02-2017', '1483352520', 0),
(63, 4, 7, '1483352585', '', 3),
(64, 4, 32, '01-02-2017', '1483353272', 0),
(65, 4, 7, '1483353572', '', 3),
(66, 4, 33, '01-02-2017', '1483353603', 0),
(67, 4, 7, '1483353636', '', 3),
(68, 1, 1, '1483360089', '', 4),
(69, 1, 34, '01-02-2017', '1483360116', 0),
(70, 4, 35, '01-02-2017', '1483360506', 0),
(71, 4, 7, '1483360553', '', 3),
(72, 1, 1, '1483360600', '', 4),
(73, 4, 36, '01-02-2017', '1483360607', 0),
(74, 1, 37, '01-02-2017', '1483360612', 0),
(75, 4, 7, '1483360783', '', 3),
(76, 1, 1, '1483360802', '', 4),
(77, 4, 38, '01-02-2017', '1483360810', 0),
(78, 1, 39, '01-02-2017', '1483360988', 0),
(79, 4, 7, '1483361062', '', 3),
(80, 4, 40, '01-02-2017', '1483361314', 0),
(81, 1, 39, '01-02-2017', '1483361338', 3),
(82, 4, 7, '1483361351', '', 3),
(83, 4, 41, '01-02-2017', '1483361672', 0),
(84, 1, 42, '01-02-2017', '1483361706', 0),
(85, 1, 1, '1483361737', '', 4),
(86, 4, 7, '1483361791', '', 3),
(87, 4, 43, '01-02-2017', '1483361803', 0),
(88, 4, 7, '1483361853', '', 3),
(89, 4, 44, '01-02-2017', '1483361861', 0),
(90, 1, 45, '01-02-2017', '1483361871', 0),
(91, 4, 7, '1483361891', '', 3),
(92, 1, 1, '1483361894', '', 4),
(93, 4, 46, '01-02-2017', '1483361900', 0),
(94, 1, 47, '01-02-2017', '1483361962', 0),
(95, 4, 7, '1483361988', '', 3),
(96, 4, 48, '01-02-2017', '1483362002', 0),
(97, 4, 7, '1483362457', '', 3),
(98, 1, 1, '1483362469', '', 4),
(99, 1, 49, '01-02-2017', '1483372424', 0),
(100, 4, 50, '01-02-2017', '1483372444', 0),
(101, 4, 50, '01-02-2017', '1483372523', 3),
(102, 1, 49, '01-02-2017', '1483372528', 3),
(103, 4, 51, '01-02-2017', '1483372578', 0),
(104, 1, 52, '01-02-2017', '1483372584', 0),
(105, 1, 52, '01-02-2017', '1483372686', 3),
(106, 4, 51, '01-02-2017', '1483372689', 3),
(107, 4, 53, '01-02-2017', '1483372694', 0),
(108, 4, 53, '01-02-2017', '1483372709', 3),
(109, 1, 54, '01-02-2017', '1483372712', 0),
(110, 1, 54, '01-02-2017', '1483372732', 3),
(111, 4, 55, '01-02-2017', '1483372737', 0),
(112, 1, 56, '01-02-2017', '1483372790', 0),
(113, 1, 56, '01-02-2017', '1483372829', 3),
(114, 4, 55, '01-02-2017', '1483372832', 3),
(115, 1, 57, '01-02-2017', '1483372837', 0),
(116, 1, 57, '01-02-2017', '1483373421', 3),
(117, 4, 58, '01-02-2017', '1483373427', 0),
(118, 1, 59, '01-02-2017', '1483373484', 0),
(119, 1, 59, '01-02-2017', '1483373512', 3),
(120, 4, 58, '01-02-2017', '1483373514', 3),
(121, 4, 60, '01-02-2017', '1483373517', 0),
(122, 4, 60, '01-02-2017', '1483373554', 3),
(123, 1, 61, '01-02-2017', '1483373557', 0),
(124, 4, 62, '01-02-2017', '1483373631', 0),
(125, 4, 62, '01-02-2017', '1483373645', 3),
(126, 1, 61, '01-02-2017', '1483373648', 3),
(127, 4, 63, '01-02-2017', '1483373652', 0),
(128, 1, 64, '01-02-2017', '1483373658', 0),
(129, 4, 63, '01-02-2017', '1483373704', 3),
(130, 1, 64, '01-02-2017', '1483373707', 3),
(131, 4, 65, '01-02-2017', '1483373711', 0),
(132, 1, 66, '01-02-2017', '1483373727', 0),
(133, 1, 66, '01-02-2017', '1483373742', 3),
(134, 4, 65, '01-02-2017', '1483373744', 3),
(135, 1, 67, '01-02-2017', '1483373747', 0),
(136, 4, 68, '01-02-2017', '1483373754', 0),
(137, 1, 67, '01-02-2017', '1483373785', 3),
(138, 1, 69, '01-02-2017', '1483373787', 0),
(139, 1, 69, '01-02-2017', '1483373804', 3),
(140, 1, 70, '01-02-2017', '1483373807', 0),
(141, 4, 7, '1483384562', '', 3),
(142, 1, 1, '1483384571', '', 4),
(143, 4, 71, '01-02-2017', '1483384583', 0),
(144, 1, 72, '01-02-2017', '1483384670', 0),
(145, 4, 71, '01-02-2017', '1483384680', 3),
(146, 4, 73, '01-02-2017', '1483384684', 0),
(147, 4, 7, '1483384809', '', 3),
(148, 4, 74, '01-02-2017', '1483384818', 0),
(149, 1, 72, '01-02-2017', '1483384826', 3),
(150, 1, 75, '01-02-2017', '1483384831', 0),
(151, 4, 7, '1483384842', '', 3),
(152, 4, 76, '01-02-2017', '1483384850', 0),
(153, 4, 76, '1483816657', '', 2),
(154, 1, 75, '01-07-2017', '1483816801', 3),
(155, 1, 29, '1483816976', '', 2),
(156, 4, 30, '03-04-2017', '1488649549', 2),
(157, 4, 76, '03-04-2017', '1488649554', 4),
(158, 1, 29, '03-04-2017', '1488649557', 4),
(159, 4, 30, '03-04-2017', '1488649560', 4),
(160, 2, 8, '03-04-2017', '1488649563', 4),
(161, 1, 77, '03-04-2017', '1488649576', 0),
(162, 1, 77, '03-04-2017', '1488649651', 4),
(163, 2, 78, '03-04-2017', '1488649672', 0),
(164, 2, 78, '03-04-2017', '1488649678', 4),
(165, 4, 79, '03-04-2017', '1488649743', 0),
(166, 4, 79, '03-04-2017', '1488649750', 4),
(167, 1, 80, '03-04-2017', '1488650430', 0),
(168, 1, 1, '1488650472', '', 4),
(169, 1, 81, '03-04-2017', '1488650733', 0),
(170, 2, 82, '03-04-2017', '1488650784', 0),
(171, 2, 82, '1488650806', '', 2),
(172, 1, 81, '1488650912', '', 4),
(173, 3, 83, '03-30-2017', '1490862777', 0),
(174, 3, 83, '03-30-2017', '1490862805', 4),
(175, 7, 84, '03-30-2017', '1490862846', 0),
(176, 7, 84, '03-30-2017', '1490862856', 4),
(177, 3, 85, '03-30-2017', '1490863217', 0),
(178, 3, 85, '03-30-2017', '1490863241', 4),
(179, 7, 86, '03-30-2017', '1490863368', 0),
(180, 7, 86, '03-30-2017', '1490863376', 4),
(181, 3, 87, '03-30-2017', '1490863640', 0),
(182, 3, 87, '03-30-2017', '1490863662', 4),
(183, 7, 88, '03-30-2017', '1490863769', 0),
(184, 7, 88, '03-30-2017', '1490863775', 4),
(185, 7, 89, '03-30-2017', '1490863854', 0),
(186, 7, 89, '03-30-2017', '1490863860', 4),
(187, 3, 90, '03-30-2017', '1490863987', 0),
(188, 3, 90, '03-30-2017', '1490863994', 4),
(189, 3, 91, '03-30-2017', '1490865239', 0),
(190, 3, 91, '03-30-2017', '1490865259', 4),
(191, 3, 92, '03-30-2017', '1490865312', 0),
(192, 3, 92, '03-30-2017', '1490865321', 4),
(193, 3, 93, '03-30-2017', '1490865667', 0),
(194, 3, 93, '03-30-2017', '1490865674', 4),
(195, 3, 94, '03-30-2017', '1490866242', 0),
(196, 3, 94, '03-30-2017', '1490866249', 4),
(197, 3, 95, '03-30-2017', '1490866357', 0),
(198, 3, 95, '03-30-2017', '1490866371', 4),
(199, 3, 96, '03-30-2017', '1490866451', 0),
(200, 3, 96, '03-30-2017', '1490866457', 4),
(201, 3, 97, '03-30-2017', '1490866653', 0),
(202, 3, 97, '03-30-2017', '1490866659', 4),
(203, 3, 98, '03-30-2017', '1490866724', 0),
(204, 3, 98, '03-30-2017', '1490866730', 4),
(205, 3, 99, '03-30-2017', '1490867588', 0),
(206, 3, 99, '03-30-2017', '1490867597', 4),
(207, 3, 100, '03-30-2017', '1490868126', 0),
(208, 3, 100, '03-30-2017', '1490868135', 4),
(209, 7, 101, '03-30-2017', '1490868152', 0),
(210, 7, 101, '03-30-2017', '1490868160', 4),
(211, 3, 102, '03-30-2017', '1490868488', 0),
(212, 3, 102, '03-30-2017', '1490868494', 4),
(213, 7, 103, '03-30-2017', '1490868527', 0),
(214, 7, 103, '03-30-2017', '1490868536', 4),
(215, 3, 104, '03-30-2017', '1490868626', 0),
(216, 3, 104, '03-30-2017', '1490868637', 4),
(217, 7, 105, '03-30-2017', '1490868718', 0),
(218, 7, 105, '03-30-2017', '1490868725', 4),
(219, 3, 106, '03-30-2017', '1490868745', 0),
(220, 3, 106, '03-30-2017', '1490868752', 4),
(221, 3, 107, '03-31-2017', '1490947592', 0),
(222, 3, 107, '03-31-2017', '1490947602', 4),
(223, 3, 108, '03-31-2017', '1490953128', 0),
(224, 3, 108, '03-31-2017', '1490953153', 4);

-- --------------------------------------------------------

--
-- Table structure for table `tbl_users`
--

CREATE TABLE IF NOT EXISTS `tbl_users` (
  `id` int(11) NOT NULL AUTO_INCREMENT,
  `unite_no` varchar(255) NOT NULL,
  `password` varchar(255) NOT NULL,
  `name` varchar(255) NOT NULL,
  `email` varchar(255) NOT NULL,
  `contact_no` varchar(255) NOT NULL,
  `created_date` varchar(255) NOT NULL,
  `status` int(11) NOT NULL DEFAULT '0' COMMENT '0=pending; 1=approved; 2=rejected;',
  PRIMARY KEY (`id`)
) ENGINE=MyISAM  DEFAULT CHARSET=latin1 AUTO_INCREMENT=8 ;

--
-- Dumping data for table `tbl_users`
--

INSERT INTO `tbl_users` (`id`, `unite_no`, `password`, `name`, `email`, `contact_no`, `created_date`, `status`) VALUES
(1, '123', '987142e7f7f5c3ea5f1eaf1a2ed23647', 'Neil Dhakal', 'dhakalneil@gmail.com', '9843930701', '1479238479', 1),
(3, '1234', '78248130613b59780753efe0b057a533', 'Test', 'Test@gmail.com', '9843930701', '', 1);
